<?xml version="1.0" encoding="UTF-8"?><rss version="2.0"
	xmlns:content="http://purl.org/rss/1.0/modules/content/"
	xmlns:dc="http://purl.org/dc/elements/1.1/"
	xmlns:atom="http://www.w3.org/2005/Atom"
	xmlns:sy="http://purl.org/rss/1.0/modules/syndication/"
	
	>
<channel>
	<title>
	Comments on: 	</title>
	<atom:link href="https://waterproofyard.com/1094-2/feed/" rel="self" type="application/rss+xml" />
	<link>https://waterproofyard.com/1094-2/</link>
	<description>Expert Water Proofing Solutions &#38; Chemicals</description>
	<lastBuildDate>Fri, 28 Aug 2020 16:35:55 +0000</lastBuildDate>
	<sy:updatePeriod>
	hourly	</sy:updatePeriod>
	<sy:updateFrequency>
	1	</sy:updateFrequency>
	<generator>https://wordpress.org/?v=5.5.6</generator>
</channel>
</rss>
