<?xml version="1.0" encoding="UTF-8"?><rss version="2.0"
	xmlns:content="http://purl.org/rss/1.0/modules/content/"
	xmlns:wfw="http://wellformedweb.org/CommentAPI/"
	xmlns:dc="http://purl.org/dc/elements/1.1/"
	xmlns:atom="http://www.w3.org/2005/Atom"
	xmlns:sy="http://purl.org/rss/1.0/modules/syndication/"
	xmlns:slash="http://purl.org/rss/1.0/modules/slash/"
	>

<channel>
	<title>Uncategorized | WaterProofing Yard</title>
	<atom:link href="https://waterproofyard.com/category/uncategorized/feed/" rel="self" type="application/rss+xml" />
	<link>https://waterproofyard.com/</link>
	<description>Expert Water Proofing Solutions &#38; Chemicals</description>
	<lastBuildDate>Fri, 28 Aug 2020 16:35:55 +0000</lastBuildDate>
	<language>en-US</language>
	<sy:updatePeriod>
	hourly	</sy:updatePeriod>
	<sy:updateFrequency>
	1	</sy:updateFrequency>
	<generator>https://wordpress.org/?v=5.5.6</generator>

<image>
	<url>https://waterproofyard.com/wp-content/uploads/2020/08/rsz_wy_logo_and_icon-2.png</url>
	<title>Uncategorized | WaterProofing Yard</title>
	<link>https://waterproofyard.com/</link>
	<width>32</width>
	<height>32</height>
</image> 
	<item>
		<title></title>
		<link>https://waterproofyard.com/1094-2/</link>
					<comments>https://waterproofyard.com/1094-2/#respond</comments>
		
		<dc:creator><![CDATA[Cloudnay]]></dc:creator>
		<pubDate>Fri, 28 Aug 2020 16:35:47 +0000</pubDate>
				<category><![CDATA[Uncategorized]]></category>
		<guid isPermaLink="false">https://d-wpstage437.d.wpstage.net/?p=1094</guid>

					<description><![CDATA[]]></description>
										<content:encoded><![CDATA[[contact-form-7]
]]></content:encoded>
					
					<wfw:commentRss>https://waterproofyard.com/1094-2/feed/</wfw:commentRss>
			<slash:comments>0</slash:comments>
		
		
			</item>
		<item>
		<title>Hello world!</title>
		<link>https://waterproofyard.com/hello-world/</link>
					<comments>https://waterproofyard.com/hello-world/#comments</comments>
		
		<dc:creator><![CDATA[Cloudnay]]></dc:creator>
		<pubDate>Thu, 06 Aug 2020 04:08:02 +0000</pubDate>
				<category><![CDATA[Uncategorized]]></category>
		<guid isPermaLink="false">https://d-wpstage437.d.wpstage.net/?p=1</guid>

					<description><![CDATA[Welcome to WordPress. This is your first post. Edit or delete it, then start writing!]]></description>
										<content:encoded><![CDATA[
<p>Welcome to WordPress. This is your first post. Edit or delete it, then start writing!</p>
]]></content:encoded>
					
					<wfw:commentRss>https://waterproofyard.com/hello-world/feed/</wfw:commentRss>
			<slash:comments>1</slash:comments>
		
		
			</item>
	</channel>
</rss>
